site_no,datetime,tz_cd,Discharge(cfs),Gage_Height(feet),location_name,latitude,longitude
8074500,8/23/17 0:00,CDT,48.1,7.87,WhiteoakBayou,29.775,-95.396944
8074500,8/23/17 0:15,CDT,49.4,7.89,WhiteoakBayou,29.775,-95.396944
8074500,8/23/17 0:30,CDT,48.7,7.88,WhiteoakBayou,29.775,-95.396944
8074500,8/23/17 0:45,CDT,50,7.9,WhiteoakBayou,29.775,-95.396944
8074500,8/23/17 1:00,CDT,49.4,7.89,WhiteoakBayou,29.775,-95.396944
8074500,8/23/17 1:15,CDT,50,7.9,WhiteoakBayou,29.775,-95.396944
8074500,8/23/17 1:30,CDT,50,7.9,WhiteoakBayou,29.775,-95.396944
8074500,8/23/17 1:45,CDT,51.3,7.92,WhiteoakBayou,29.775,-95.396944
8074500,8/23/17 2:00,CDT,50.7,7.91,WhiteoakBayou,29.775,-95.396944
8074500,8/23/17 2:15,CDT,52,7.93,WhiteoakBayou,29.775,-95.396944
8074500,8/23/17 2:30,CDT,52.7,7.94,WhiteoakBayou,29.775,-95.396944
8074500,8/23/17 2:45,CDT,51.3,7.92,WhiteoakBayou,29.775,-95.396944
8074500,8/23/17 3:00,CDT,51.3,7.92,WhiteoakBayou,29.775,-95.396944
8074500,8/23/17 3:15,CDT,50.7,7.91,WhiteoakBayou,29.775,-95.396944
8074500,8/23/17 3:30,CDT,50,7.9,WhiteoakBayou,29.775,-95.396944
8074500,8/23/17 3:45,CDT,48.1,7.87,WhiteoakBayou,29.775,-95.396944
8074500,8/23/17 4:00,CDT,48.7,7.88,WhiteoakBayou,29.775,-95.396944
8074500,8/23/17 4:15,CDT,46.9,7.85,WhiteoakBayou,29.775,-95.396944
8074500,8/23/17 4:30,CDT,48.1,7.87,WhiteoakBayou,29.775,-95.396944
8074500,8/23/17 4:45,CDT,47.5,7.86,WhiteoakBayou,29.775,-95.396944
8074500,8/23/17 5:00,CDT,46.9,7.85,WhiteoakBayou,29.775,-95.396944
8074500,8/23/17 5:15,CDT,46.2,7.84,WhiteoakBayou,29.775,-95.396944
8074500,8/23/17 5:30,CDT,45.6,7.83,WhiteoakBayou,29.775,-95.396944
8074500,8/23/17 5:45,CDT,45,7.82,WhiteoakBayou,29.775,-95.396944
8074500,8/23/17 6:00,CDT,44.4,7.81,WhiteoakBayou,29.775,-95.396944
8074500,8/23/17 6:15,CDT,43.9,7.8,WhiteoakBayou,29.775,-95.396944
8074500,8/23/17 6:30,CDT,43.9,7.8,WhiteoakBayou,29.775,-95.396944
8074500,8/23/17 6:45,CDT,44.4,7.81,WhiteoakBayou,29.775,-95.396944
8074500,8/23/17 7:00,CDT,44.4,7.81,WhiteoakBayou,29.775,-95.396944
8074500,8/23/17 7:15,CDT,43.3,7.79,WhiteoakBayou,29.775,-95.396944
8074500,8/23/17 7:30,CDT,43.3,7.79,WhiteoakBayou,29.775,-95.396944
8074500,8/23/17 7:45,CDT,43.3,7.79,WhiteoakBayou,29.775,-95.396944
8074500,8/23/17 8:00,CDT,43.3,7.79,WhiteoakBayou,29.775,-95.396944
8074500,8/23/17 8:15,CDT,43.3,7.79,WhiteoakBayou,29.775,-95.396944
8074500,8/23/17 8:30,CDT,43.9,7.8,WhiteoakBayou,29.775,-95.396944
8074500,8/23/17 8:45,CDT,42.7,7.78,WhiteoakBayou,29.775,-95.396944
8074500,8/23/17 9:00,CDT,42.7,7.78,WhiteoakBayou,29.775,-95.396944
8074500,8/23/17 9:15,CDT,43.9,7.8,WhiteoakBayou,29.775,-95.396944
8074500,8/23/17 9:30,CDT,43.3,7.79,WhiteoakBayou,29.775,-95.396944
8074500,8/23/17 9:45,CDT,44.4,7.81,WhiteoakBayou,29.775,-95.396944
8074500,8/23/17 10:00,CDT,43.9,7.8,WhiteoakBayou,29.775,-95.396944
8074500,8/23/17 10:15,CDT,45,7.82,WhiteoakBayou,29.775,-95.396944
8074500,8/23/17 10:30,CDT,45,7.82,WhiteoakBayou,29.775,-95.396944
8074500,8/23/17 10:45,CDT,44.4,7.81,WhiteoakBayou,29.775,-95.396944
8074500,8/23/17 11:00,CDT,46.2,7.84,WhiteoakBayou,29.775,-95.396944
8074500,8/23/17 11:15,CDT,44.4,7.81,WhiteoakBayou,29.775,-95.396944
8074500,8/23/17 11:30,CDT,46.2,7.84,WhiteoakBayou,29.775,-95.396944
8074500,8/23/17 11:45,CDT,48.1,7.87,WhiteoakBayou,29.775,-95.396944
8074500,8/23/17 12:00,CDT,47.5,7.86,WhiteoakBayou,29.775,-95.396944
8074500,8/23/17 12:15,CDT,46.9,7.85,WhiteoakBayou,29.775,-95.396944
8074500,8/23/17 12:30,CDT,46.9,7.85,WhiteoakBayou,29.775,-95.396944
8074500,8/23/17 12:45,CDT,46.9,7.85,WhiteoakBayou,29.775,-95.396944
8074500,8/23/17 13:00,CDT,47.5,7.86,WhiteoakBayou,29.775,-95.396944
8074500,8/23/17 13:15,CDT,46.9,7.85,WhiteoakBayou,29.775,-95.396944
8074500,8/23/17 13:30,CDT,44.4,7.81,WhiteoakBayou,29.775,-95.396944
8074500,8/23/17 13:45,CDT,44.4,7.81,WhiteoakBayou,29.775,-95.396944
8074500,8/23/17 14:00,CDT,41.6,7.76,WhiteoakBayou,29.775,-95.396944
8074500,8/23/17 14:15,CDT,40.6,7.74,WhiteoakBayou,29.775,-95.396944
8074500,8/23/17 14:30,CDT,40.2,7.73,WhiteoakBayou,29.775,-95.396944
8074500,8/23/17 14:45,CDT,41,7.75,WhiteoakBayou,29.775,-95.396944
8074500,8/23/17 15:00,CDT,45,7.82,WhiteoakBayou,29.775,-95.396944
8074500,8/23/17 15:15,CDT,44.4,7.81,WhiteoakBayou,29.775,-95.396944
8074500,8/23/17 15:30,CDT,48.1,7.87,WhiteoakBayou,29.775,-95.396944
8074500,8/23/17 15:45,CDT,46.9,7.85,WhiteoakBayou,29.775,-95.396944
8074500,8/23/17 16:00,CDT,48.1,7.87,WhiteoakBayou,29.775,-95.396944
8074500,8/23/17 16:15,CDT,47.5,7.86,WhiteoakBayou,29.775,-95.396944
8074500,8/23/17 16:30,CDT,48.1,7.87,WhiteoakBayou,29.775,-95.396944
8074500,8/23/17 16:45,CDT,47.5,7.86,WhiteoakBayou,29.775,-95.396944
8074500,8/23/17 17:00,CDT,48.7,7.88,WhiteoakBayou,29.775,-95.396944
8074500,8/23/17 17:15,CDT,48.1,7.87,WhiteoakBayou,29.775,-95.396944
8074500,8/23/17 17:30,CDT,48.1,7.87,WhiteoakBayou,29.775,-95.396944
8074500,8/23/17 17:45,CDT,47.5,7.86,WhiteoakBayou,29.775,-95.396944
8074500,8/23/17 18:00,CDT,49.4,7.89,WhiteoakBayou,29.775,-95.396944
8074500,8/23/17 18:15,CDT,52,7.93,WhiteoakBayou,29.775,-95.396944
8074500,8/23/17 18:30,CDT,52.7,7.94,WhiteoakBayou,29.775,-95.396944
8074500,8/23/17 18:45,CDT,53.4,7.95,WhiteoakBayou,29.775,-95.396944
8074500,8/23/17 19:00,CDT,54.1,7.96,WhiteoakBayou,29.775,-95.396944
8074500,8/23/17 19:15,CDT,55.5,7.98,WhiteoakBayou,29.775,-95.396944
8074500,8/23/17 19:30,CDT,54.8,7.97,WhiteoakBayou,29.775,-95.396944
8074500,8/23/17 19:45,CDT,55.5,7.98,WhiteoakBayou,29.775,-95.396944
8074500,8/23/17 20:00,CDT,57,8,WhiteoakBayou,29.775,-95.396944
8074500,8/23/17 20:15,CDT,58.8,8.02,WhiteoakBayou,29.775,-95.396944
8074500,8/23/17 20:30,CDT,55.5,7.98,WhiteoakBayou,29.775,-95.396944
8074500,8/23/17 20:45,CDT,56.3,7.99,WhiteoakBayou,29.775,-95.396944
8074500,8/23/17 21:00,CDT,57,8,WhiteoakBayou,29.775,-95.396944
8074500,8/23/17 21:15,CDT,57,8,WhiteoakBayou,29.775,-95.396944
8074500,8/23/17 21:30,CDT,55.5,7.98,WhiteoakBayou,29.775,-95.396944
8074500,8/23/17 21:45,CDT,54.8,7.97,WhiteoakBayou,29.775,-95.396944
8074500,8/23/17 22:00,CDT,55.5,7.98,WhiteoakBayou,29.775,-95.396944
8074500,8/23/17 22:15,CDT,54.1,7.96,WhiteoakBayou,29.775,-95.396944
8074500,8/23/17 22:30,CDT,53.4,7.95,WhiteoakBayou,29.775,-95.396944
8074500,8/23/17 22:45,CDT,52.7,7.94,WhiteoakBayou,29.775,-95.396944
8074500,8/23/17 23:00,CDT,52.7,7.94,WhiteoakBayou,29.775,-95.396944
8074500,8/23/17 23:15,CDT,53.4,7.95,WhiteoakBayou,29.775,-95.396944
8074500,8/23/17 23:30,CDT,53.4,7.95,WhiteoakBayou,29.775,-95.396944
8074500,8/23/17 23:45,CDT,52.7,7.94,WhiteoakBayou,29.775,-95.396944
8074500,8/24/17 0:00,CDT,52,7.93,WhiteoakBayou,29.775,-95.396944
8074500,8/24/17 0:15,CDT,52.7,7.94,WhiteoakBayou,29.775,-95.396944
8074500,8/24/17 0:30,CDT,52,7.93,WhiteoakBayou,29.775,-95.396944
8074500,8/24/17 0:45,CDT,52,7.93,WhiteoakBayou,29.775,-95.396944
8074500,8/24/17 1:00,CDT,52,7.93,WhiteoakBayou,29.775,-95.396944
8074500,8/24/17 1:15,CDT,54.1,7.96,WhiteoakBayou,29.775,-95.396944
8074500,8/24/17 1:30,CDT,53.4,7.95,WhiteoakBayou,29.775,-95.396944
8074500,8/24/17 1:45,CDT,50.7,7.91,WhiteoakBayou,29.775,-95.396944
8074500,8/24/17 2:00,CDT,52.7,7.94,WhiteoakBayou,29.775,-95.396944
8074500,8/24/17 2:15,CDT,50.7,7.91,WhiteoakBayou,29.775,-95.396944
8074500,8/24/17 2:30,CDT,51.4,7.92,WhiteoakBayou,29.775,-95.396944
8074500,8/24/17 2:45,CDT,49.4,7.89,WhiteoakBayou,29.775,-95.396944
8074500,8/24/17 3:00,CDT,49.4,7.89,WhiteoakBayou,29.775,-95.396944
8074500,8/24/17 3:15,CDT,48.8,7.88,WhiteoakBayou,29.775,-95.396944
8074500,8/24/17 3:30,CDT,48.2,7.87,WhiteoakBayou,29.775,-95.396944
8074500,8/24/17 3:45,CDT,48.2,7.87,WhiteoakBayou,29.775,-95.396944
8074500,8/24/17 4:00,CDT,48.2,7.87,WhiteoakBayou,29.775,-95.396944
8074500,8/24/17 4:15,CDT,60.7,8.04,WhiteoakBayou,29.775,-95.396944
8074500,8/24/17 4:30,CDT,78.8,8.22,WhiteoakBayou,29.775,-95.396944
8074500,8/24/17 4:45,CDT,82.2,8.25,WhiteoakBayou,29.775,-95.396944
8074500,8/24/17 5:00,CDT,85.8,8.28,WhiteoakBayou,29.775,-95.396944
8074500,8/24/17 5:15,CDT,85.8,8.28,WhiteoakBayou,29.775,-95.396944
8074500,8/24/17 5:30,CDT,74.5,8.18,WhiteoakBayou,29.775,-95.396944
8074500,8/24/17 5:45,CDT,59.8,8.03,WhiteoakBayou,29.775,-95.396944
8074500,8/24/17 6:00,CDT,55,7.97,WhiteoakBayou,29.775,-95.396944
8074500,8/24/17 6:15,CDT,52.2,7.93,WhiteoakBayou,29.775,-95.396944
8074500,8/24/17 6:30,CDT,50.9,7.91,WhiteoakBayou,29.775,-95.396944
8074500,8/24/17 6:45,CDT,50.2,7.9,WhiteoakBayou,29.775,-95.396944
8074500,8/24/17 7:00,CDT,52.9,7.94,WhiteoakBayou,29.775,-95.396944
8074500,8/24/17 7:15,CDT,52.9,7.94,WhiteoakBayou,29.775,-95.396944
8074500,8/24/17 7:30,CDT,52.9,7.94,WhiteoakBayou,29.775,-95.396944
8074500,8/24/17 7:45,CDT,50.2,7.9,WhiteoakBayou,29.775,-95.396944
8074500,8/24/17 8:00,CDT,50.2,7.9,WhiteoakBayou,29.775,-95.396944
8074500,8/24/17 8:15,CDT,50.3,7.9,WhiteoakBayou,29.775,-95.396944
8074500,8/24/17 8:30,CDT,49,7.88,WhiteoakBayou,29.775,-95.396944
8074500,8/24/17 8:45,CDT,49.6,7.89,WhiteoakBayou,29.775,-95.396944
8074500,8/24/17 9:00,CDT,48.4,7.87,WhiteoakBayou,29.775,-95.396944
8074500,8/24/17 9:15,CDT,47.1,7.85,WhiteoakBayou,29.775,-95.396944
8074500,8/24/17 9:30,CDT,45.9,7.83,WhiteoakBayou,29.775,-95.396944
8074500,8/24/17 9:45,CDT,45.3,7.82,WhiteoakBayou,29.775,-95.396944
8074500,8/24/17 10:00,CDT,44.7,7.81,WhiteoakBayou,29.775,-95.396944
8074500,8/24/17 10:15,CDT,44.7,7.81,WhiteoakBayou,29.775,-95.396944
8074500,8/24/17 10:30,CDT,44.8,7.81,WhiteoakBayou,29.775,-95.396944
8074500,8/24/17 10:45,CDT,43,7.78,WhiteoakBayou,29.775,-95.396944
8074500,8/24/17 11:00,CDT,43,7.78,WhiteoakBayou,29.775,-95.396944
8074500,8/24/17 11:15,CDT,43,7.78,WhiteoakBayou,29.775,-95.396944
8074500,8/24/17 11:30,CDT,47.2,7.85,WhiteoakBayou,29.775,-95.396944
8074500,8/24/17 11:45,CDT,57.5,8,WhiteoakBayou,29.775,-95.396944
8074500,8/24/17 12:00,CDT,58.4,8.01,WhiteoakBayou,29.775,-95.396944
8074500,8/24/17 12:15,CDT,52.4,7.93,WhiteoakBayou,29.775,-95.396944
8074500,8/24/17 12:30,CDT,46,7.83,WhiteoakBayou,29.775,-95.396944
8074500,8/24/17 12:45,CDT,46.6,7.84,WhiteoakBayou,29.775,-95.396944
8074500,8/24/17 13:00,CDT,46.7,7.84,WhiteoakBayou,29.775,-95.396944
8074500,8/24/17 13:15,CDT,47.3,7.85,WhiteoakBayou,29.775,-95.396944
8074500,8/24/17 13:30,CDT,47.3,7.85,WhiteoakBayou,29.775,-95.396944
8074500,8/24/17 13:45,CDT,47.3,7.85,WhiteoakBayou,29.775,-95.396944
8074500,8/24/17 14:00,CDT,46.7,7.84,WhiteoakBayou,29.775,-95.396944
8074500,8/24/17 14:15,CDT,47.3,7.85,WhiteoakBayou,29.775,-95.396944
8074500,8/24/17 14:30,CDT,47.3,7.85,WhiteoakBayou,29.775,-95.396944
8074500,8/24/17 14:45,CDT,47.3,7.85,WhiteoakBayou,29.775,-95.396944
8074500,8/24/17 15:00,CDT,47.3,7.85,WhiteoakBayou,29.775,-95.396944
8074500,8/24/17 15:15,CDT,44.9,7.81,WhiteoakBayou,29.775,-95.396944
8074500,8/24/17 15:30,CDT,45.5,7.82,WhiteoakBayou,29.775,-95.396944
8074500,8/24/17 15:45,CDT,43.8,7.79,WhiteoakBayou,29.775,-95.396944
8074500,8/24/17 16:00,CDT,45.6,7.82,WhiteoakBayou,29.775,-95.396944
8074500,8/24/17 16:15,CDT,47.4,7.85,WhiteoakBayou,29.775,-95.396944
8074500,8/24/17 16:30,CDT,47.4,7.85,WhiteoakBayou,29.775,-95.396944
8074500,8/24/17 16:45,CDT,48,7.86,WhiteoakBayou,29.775,-95.396944
8074500,8/24/17 17:00,CDT,47.4,7.85,WhiteoakBayou,29.775,-95.396944
8074500,8/24/17 17:15,CDT,47.4,7.85,WhiteoakBayou,29.775,-95.396944
8074500,8/24/17 17:30,CDT,46.8,7.84,WhiteoakBayou,29.775,-95.396944
8074500,8/24/17 17:45,CDT,45.6,7.82,WhiteoakBayou,29.775,-95.396944
8074500,8/24/17 18:00,CDT,44.4,7.8,WhiteoakBayou,29.775,-95.396944
8074500,8/24/17 18:15,CDT,43.3,7.78,WhiteoakBayou,29.775,-95.396944
8074500,8/24/17 18:30,CDT,43.3,7.78,WhiteoakBayou,29.775,-95.396944
8074500,8/24/17 18:45,CDT,42.7,7.77,WhiteoakBayou,29.775,-95.396944
8074500,8/24/17 19:00,CDT,41.6,7.75,WhiteoakBayou,29.775,-95.396944
8074500,8/24/17 19:15,CDT,42.2,7.76,WhiteoakBayou,29.775,-95.396944
8074500,8/24/17 19:30,CDT,42.2,7.76,WhiteoakBayou,29.775,-95.396944
8074500,8/24/17 19:45,CDT,42.8,7.77,WhiteoakBayou,29.775,-95.396944
8074500,8/24/17 20:00,CDT,41.6,7.75,WhiteoakBayou,29.775,-95.396944
8074500,8/24/17 20:15,CDT,42.8,7.77,WhiteoakBayou,29.775,-95.396944
8074500,8/24/17 20:30,CDT,42.8,7.77,WhiteoakBayou,29.775,-95.396944
8074500,8/24/17 20:45,CDT,43.4,7.78,WhiteoakBayou,29.775,-95.396944
8074500,8/24/17 21:00,CDT,45.1,7.81,WhiteoakBayou,29.775,-95.396944
8074500,8/24/17 21:15,CDT,46.4,7.83,WhiteoakBayou,29.775,-95.396944
8074500,8/24/17 21:30,CDT,45.8,7.82,WhiteoakBayou,29.775,-95.396944
8074500,8/24/17 21:45,CDT,45.2,7.81,WhiteoakBayou,29.775,-95.396944
8074500,8/24/17 22:00,CDT,46.4,7.83,WhiteoakBayou,29.775,-95.396944
8074500,8/24/17 22:15,CDT,45.2,7.81,WhiteoakBayou,29.775,-95.396944
8074500,8/24/17 22:30,CDT,45.8,7.82,WhiteoakBayou,29.775,-95.396944
8074500,8/24/17 22:45,CDT,45.2,7.81,WhiteoakBayou,29.775,-95.396944
8074500,8/24/17 23:00,CDT,44.6,7.8,WhiteoakBayou,29.775,-95.396944
8074500,8/24/17 23:15,CDT,45.8,7.82,WhiteoakBayou,29.775,-95.396944
8074500,8/24/17 23:30,CDT,45.8,7.82,WhiteoakBayou,29.775,-95.396944
8074500,8/24/17 23:45,CDT,45.3,7.81,WhiteoakBayou,29.775,-95.396944
8074500,8/25/17 0:00,CDT,46.5,7.83,WhiteoakBayou,29.775,-95.396944
8074500,8/25/17 0:15,CDT,47.7,7.85,WhiteoakBayou,29.775,-95.396944
8074500,8/25/17 0:30,CDT,49,7.87,WhiteoakBayou,29.775,-95.396944
8074500,8/25/17 0:45,CDT,47.7,7.85,WhiteoakBayou,29.775,-95.396944
8074500,8/25/17 1:00,CDT,46.5,7.83,WhiteoakBayou,29.775,-95.396944
8074500,8/25/17 1:15,CDT,47.7,7.85,WhiteoakBayou,29.775,-95.396944
8074500,8/25/17 1:30,CDT,47.1,7.84,WhiteoakBayou,29.775,-95.396944
8074500,8/25/17 1:45,CDT,47.8,7.85,WhiteoakBayou,29.775,-95.396944
8074500,8/25/17 2:00,CDT,46.9,7.85,WhiteoakBayou,29.775,-95.396944
8074500,8/25/17 2:15,CDT,46.9,7.85,WhiteoakBayou,29.775,-95.396944
8074500,8/25/17 2:30,CDT,48.1,7.87,WhiteoakBayou,29.775,-95.396944
8074500,8/25/17 2:45,CDT,48.2,7.87,WhiteoakBayou,29.775,-95.396944
8074500,8/25/17 3:00,CDT,48.2,7.87,WhiteoakBayou,29.775,-95.396944
8074500,8/25/17 3:15,CDT,48.2,7.87,WhiteoakBayou,29.775,-95.396944
8074500,8/25/17 3:30,CDT,46.4,7.84,WhiteoakBayou,29.775,-95.396944
8074500,8/25/17 3:45,CDT,46.4,7.84,WhiteoakBayou,29.775,-95.396944
8074500,8/25/17 4:00,CDT,46.4,7.84,WhiteoakBayou,29.775,-95.396944
8074500,8/25/17 4:15,CDT,46.5,7.84,WhiteoakBayou,29.775,-95.396944
8074500,8/25/17 4:30,CDT,46.5,7.84,WhiteoakBayou,29.775,-95.396944
8074500,8/25/17 4:45,CDT,44.7,7.81,WhiteoakBayou,29.775,-95.396944
8074500,8/25/17 5:00,CDT,45.3,7.82,WhiteoakBayou,29.775,-95.396944
8074500,8/25/17 5:15,CDT,46,7.83,WhiteoakBayou,29.775,-95.396944
8074500,8/25/17 5:30,CDT,44.8,7.81,WhiteoakBayou,29.775,-95.396944
8074500,8/25/17 5:45,CDT,45.4,7.82,WhiteoakBayou,29.775,-95.396944
8074500,8/25/17 6:00,CDT,43.7,7.79,WhiteoakBayou,29.775,-95.396944
8074500,8/25/17 6:15,CDT,43.1,7.78,WhiteoakBayou,29.775,-95.396944
8074500,8/25/17 6:30,CDT,45.5,7.82,WhiteoakBayou,29.775,-95.396944
8074500,8/25/17 6:45,CDT,42.6,7.77,WhiteoakBayou,29.775,-95.396944
8074500,8/25/17 7:00,CDT,43.8,7.79,WhiteoakBayou,29.775,-95.396944
8074500,8/25/17 7:15,CDT,42.6,7.77,WhiteoakBayou,29.775,-95.396944
8074500,8/25/17 7:30,CDT,43.2,7.78,WhiteoakBayou,29.775,-95.396944
8074500,8/25/17 7:45,CDT,43.3,7.78,WhiteoakBayou,29.775,-95.396944
8074500,8/25/17 8:00,CDT,44.4,7.8,WhiteoakBayou,29.775,-95.396944
8074500,8/25/17 8:15,CDT,54.9,7.96,WhiteoakBayou,29.775,-95.396944
8074500,8/25/17 8:30,CDT,67.3,8.1,WhiteoakBayou,29.775,-95.396944
8074500,8/25/17 8:45,CDT,80,8.22,WhiteoakBayou,29.775,-95.396944
8074500,8/25/17 9:00,CDT,93.1,8.32,WhiteoakBayou,29.775,-95.396944
8074500,8/25/17 9:15,CDT,105,8.39,WhiteoakBayou,29.775,-95.396944
8074500,8/25/17 9:30,CDT,119,8.45,WhiteoakBayou,29.775,-95.396944
8074500,8/25/17 9:45,CDT,122,8.46,WhiteoakBayou,29.775,-95.396944
8074500,8/25/17 10:00,CDT,134,8.53,WhiteoakBayou,29.775,-95.396944
8074500,8/25/17 10:15,CDT,138,8.55,WhiteoakBayou,29.775,-95.396944
8074500,8/25/17 10:30,CDT,159,8.67,WhiteoakBayou,29.775,-95.396944
8074500,8/25/17 10:45,CDT,166,8.72,WhiteoakBayou,29.775,-95.396944
8074500,8/25/17 11:00,CDT,181,8.83,WhiteoakBayou,29.775,-95.396944
8074500,8/25/17 11:15,CDT,177,8.8,WhiteoakBayou,29.775,-95.396944
8074500,8/25/17 11:30,CDT,184,8.85,WhiteoakBayou,29.775,-95.396944
8074500,8/25/17 11:45,CDT,194,8.92,WhiteoakBayou,29.775,-95.396944
8074500,8/25/17 12:00,CDT,196,8.93,WhiteoakBayou,29.775,-95.396944
8074500,8/25/17 12:15,CDT,196,8.93,WhiteoakBayou,29.775,-95.396944
8074500,8/25/17 12:30,CDT,198,8.95,WhiteoakBayou,29.775,-95.396944
8074500,8/25/17 12:45,CDT,198,8.95,WhiteoakBayou,29.775,-95.396944
8074500,8/25/17 13:00,CDT,187,8.87,WhiteoakBayou,29.775,-95.396944
8074500,8/25/17 13:15,CDT,196,8.93,WhiteoakBayou,29.775,-95.396944
8074500,8/25/17 13:30,CDT,203,9,WhiteoakBayou,29.775,-95.396944
8074500,8/25/17 13:45,CDT,213,9.09,WhiteoakBayou,29.775,-95.396944
8074500,8/25/17 14:00,CDT,206,9.03,WhiteoakBayou,29.775,-95.396944
8074500,8/25/17 14:15,CDT,225,9.2,WhiteoakBayou,29.775,-95.396944
8074500,8/25/17 14:30,CDT,223,9.18,WhiteoakBayou,29.775,-95.396944
8074500,8/25/17 14:45,CDT,212,9.08,WhiteoakBayou,29.775,-95.396944
8074500,8/25/17 15:00,CDT,219,9.15,WhiteoakBayou,29.775,-95.396944
8074500,8/25/17 15:15,CDT,228,9.23,WhiteoakBayou,29.775,-95.396944
8074500,8/25/17 15:30,CDT,242,9.35,WhiteoakBayou,29.775,-95.396944
8074500,8/25/17 15:45,CDT,252,9.44,WhiteoakBayou,29.775,-95.396944
8074500,8/25/17 16:00,CDT,259,9.5,WhiteoakBayou,29.775,-95.396944
8074500,8/25/17 16:15,CDT,272,9.6,WhiteoakBayou,29.775,-95.396944
8074500,8/25/17 16:30,CDT,274,9.61,WhiteoakBayou,29.775,-95.396944
8074500,8/25/17 16:45,CDT,275,9.62,WhiteoakBayou,29.775,-95.396944
8074500,8/25/17 17:00,CDT,279,9.65,WhiteoakBayou,29.775,-95.396944
8074500,8/25/17 17:15,CDT,283,9.68,WhiteoakBayou,29.775,-95.396944
8074500,8/25/17 17:30,CDT,287,9.71,WhiteoakBayou,29.775,-95.396944
8074500,8/25/17 17:45,CDT,282,9.67,WhiteoakBayou,29.775,-95.396944
8074500,8/25/17 18:00,CDT,283,9.68,WhiteoakBayou,29.775,-95.396944
8074500,8/25/17 18:15,CDT,282,9.67,WhiteoakBayou,29.775,-95.396944
8074500,8/25/17 18:30,CDT,281,9.66,WhiteoakBayou,29.775,-95.396944
8074500,8/25/17 18:45,CDT,278,9.64,WhiteoakBayou,29.775,-95.396944
8074500,8/25/17 19:00,CDT,275,9.62,WhiteoakBayou,29.775,-95.396944
8074500,8/25/17 19:15,CDT,277,9.63,WhiteoakBayou,29.775,-95.396944
8074500,8/25/17 19:30,CDT,273,9.6,WhiteoakBayou,29.775,-95.396944
8074500,8/25/17 19:45,CDT,273,9.6,WhiteoakBayou,29.775,-95.396944
8074500,8/25/17 20:00,CDT,266,9.55,WhiteoakBayou,29.775,-95.396944
8074500,8/25/17 20:15,CDT,264,9.53,WhiteoakBayou,29.775,-95.396944
8074500,8/25/17 20:30,CDT,263,9.52,WhiteoakBayou,29.775,-95.396944
8074500,8/25/17 20:45,CDT,260,9.5,WhiteoakBayou,29.775,-95.396944
8074500,8/25/17 21:00,CDT,256,9.46,WhiteoakBayou,29.775,-95.396944
8074500,8/25/17 21:15,CDT,251,9.42,WhiteoakBayou,29.775,-95.396944
8074500,8/25/17 21:30,CDT,252,9.43,WhiteoakBayou,29.775,-95.396944
8074500,8/25/17 21:45,CDT,257,9.47,WhiteoakBayou,29.775,-95.396944
8074500,8/25/17 22:00,CDT,262,9.51,WhiteoakBayou,29.775,-95.396944
8074500,8/25/17 22:15,CDT,266,9.54,WhiteoakBayou,29.775,-95.396944
8074500,8/25/17 22:30,CDT,275,9.61,WhiteoakBayou,29.775,-95.396944
8074500,8/25/17 22:45,CDT,287,9.7,WhiteoakBayou,29.775,-95.396944
8074500,8/25/17 23:00,CDT,302,9.81,WhiteoakBayou,29.775,-95.396944
8074500,8/25/17 23:15,CDT,322,9.95,WhiteoakBayou,29.775,-95.396944
8074500,8/25/17 23:30,CDT,380,10.34,WhiteoakBayou,29.775,-95.396944
8074500,8/25/17 23:45,CDT,370,10.27,WhiteoakBayou,29.775,-95.396944
8074500,8/26/17 0:00,CDT,385,10.37,WhiteoakBayou,29.775,-95.396944
8074500,8/26/17 0:15,CDT,385,10.37,WhiteoakBayou,29.775,-95.396944
8074500,8/26/17 0:30,CDT,395,10.43,WhiteoakBayou,29.775,-95.396944
8074500,8/26/17 0:45,CDT,397,10.44,WhiteoakBayou,29.775,-95.396944
8074500,8/26/17 1:00,CDT,397,10.44,WhiteoakBayou,29.775,-95.396944
8074500,8/26/17 1:15,CDT,382,10.35,WhiteoakBayou,29.775,-95.396944
8074500,8/26/17 1:30,CDT,376,10.31,WhiteoakBayou,29.775,-95.396944
8074500,8/26/17 1:45,CDT,353,10.16,WhiteoakBayou,29.775,-95.396944
8074500,8/26/17 2:00,CDT,336,10.04,WhiteoakBayou,29.775,-95.396944
8074500,8/26/17 2:15,CDT,327,9.98,WhiteoakBayou,29.775,-95.396944
8074500,8/26/17 2:30,CDT,321,9.94,WhiteoakBayou,29.775,-95.396944
8074500,8/26/17 2:45,CDT,314,9.89,WhiteoakBayou,29.775,-95.396944
8074500,8/26/17 3:00,CDT,307,9.84,WhiteoakBayou,29.775,-95.396944
8074500,8/26/17 3:15,CDT,311,9.87,WhiteoakBayou,29.775,-95.396944
8074500,8/26/17 3:30,CDT,314,9.89,WhiteoakBayou,29.775,-95.396944
8074500,8/26/17 3:45,CDT,317,9.91,WhiteoakBayou,29.775,-95.396944
8074500,8/26/17 4:00,CDT,343,10.09,WhiteoakBayou,29.775,-95.396944
8074500,8/26/17 4:15,CDT,402,10.47,WhiteoakBayou,29.775,-95.396944
8074500,8/26/17 4:30,CDT,399,10.45,WhiteoakBayou,29.775,-95.396944
8074500,8/26/17 4:45,CDT,425,10.61,WhiteoakBayou,29.775,-95.396944
8074500,8/26/17 5:00,CDT,530,11.2,WhiteoakBayou,29.775,-95.396944
8074500,8/26/17 5:15,CDT,638,11.75,WhiteoakBayou,29.775,-95.396944
8074500,8/26/17 5:30,CDT,716,12.11,WhiteoakBayou,29.775,-95.396944
8074500,8/26/17 5:45,CDT,772,12.36,WhiteoakBayou,29.775,-95.396944
8074500,8/26/17 6:00,CDT,807,12.51,WhiteoakBayou,29.775,-95.396944
8074500,8/26/17 6:15,CDT,890,12.85,WhiteoakBayou,29.775,-95.396944
8074500,8/26/17 6:30,CDT,1000,13.29,WhiteoakBayou,29.775,-95.396944
8074500,8/26/17 6:45,CDT,1340,14.41,WhiteoakBayou,29.775,-95.396944
8074500,8/26/17 7:00,CDT,2040,16.34,WhiteoakBayou,29.775,-95.396944
8074500,8/26/17 7:15,CDT,3590,19.53,WhiteoakBayou,29.775,-95.396944
8074500,8/26/17 7:30,CDT,4920,21.69,WhiteoakBayou,29.775,-95.396944
8074500,8/26/17 7:45,CDT,5770,22.9,WhiteoakBayou,29.775,-95.396944
8074500,8/26/17 8:00,CDT,6100,23.35,WhiteoakBayou,29.775,-95.396944
8074500,8/26/17 8:15,CDT,6090,23.33,WhiteoakBayou,29.775,-95.396944
8074500,8/26/17 8:30,CDT,6190,23.47,WhiteoakBayou,29.775,-95.396944
8074500,8/26/17 8:45,CDT,6330,23.65,WhiteoakBayou,29.775,-95.396944
8074500,8/26/17 9:00,CDT,6410,23.75,WhiteoakBayou,29.775,-95.396944
8074500,8/26/17 9:15,CDT,6410,23.75,WhiteoakBayou,29.775,-95.396944
8074500,8/26/17 9:30,CDT,6270,23.57,WhiteoakBayou,29.775,-95.396944
8074500,8/26/17 9:45,CDT,6040,23.27,WhiteoakBayou,29.775,-95.396944
8074500,8/26/17 10:00,CDT,5850,23.01,WhiteoakBayou,29.775,-95.396944
8074500,8/26/17 10:15,CDT,5730,22.85,WhiteoakBayou,29.775,-95.396944
8074500,8/26/17 10:30,CDT,5550,22.6,WhiteoakBayou,29.775,-95.396944
8074500,8/26/17 10:45,CDT,5160,22.05,WhiteoakBayou,29.775,-95.396944
8074500,8/26/17 11:00,CDT,5100,21.96,WhiteoakBayou,29.775,-95.396944
8074500,8/26/17 11:15,CDT,4850,21.59,WhiteoakBayou,29.775,-95.396944
8074500,8/26/17 11:30,CDT,4600,21.21,WhiteoakBayou,29.775,-95.396944
8074500,8/26/17 11:45,CDT,4380,20.87,WhiteoakBayou,29.775,-95.396944
8074500,8/26/17 12:00,CDT,4290,20.72,WhiteoakBayou,29.775,-95.396944
8074500,8/26/17 12:15,CDT,4080,20.38,WhiteoakBayou,29.775,-95.396944
8074500,8/26/17 12:30,CDT,3910,20.1,WhiteoakBayou,29.775,-95.396944
8074500,8/26/17 12:45,CDT,3790,19.88,WhiteoakBayou,29.775,-95.396944
8074500,8/26/17 13:00,CDT,3610,19.57,WhiteoakBayou,29.775,-95.396944
8074500,8/26/17 13:15,CDT,3530,19.43,WhiteoakBayou,29.775,-95.396944
8074500,8/26/17 13:30,CDT,3330,19.06,WhiteoakBayou,29.775,-95.396944
8074500,8/26/17 13:45,CDT,3210,18.84,WhiteoakBayou,29.775,-95.396944
8074500,8/26/17 14:00,CDT,3010,18.45,WhiteoakBayou,29.775,-95.396944
8074500,8/26/17 14:15,CDT,2840,18.12,WhiteoakBayou,29.775,-95.396944
8074500,8/26/17 14:30,CDT,2780,17.99,WhiteoakBayou,29.775,-95.396944
8074500,8/26/17 14:45,CDT,2590,17.6,WhiteoakBayou,29.775,-95.396944
8074500,8/26/17 15:00,CDT,2360,17.09,WhiteoakBayou,29.775,-95.396944
8074500,8/26/17 15:15,CDT,2270,16.89,WhiteoakBayou,29.775,-95.396944
8074500,8/26/17 15:30,CDT,2100,16.48,WhiteoakBayou,29.775,-95.396944
8074500,8/26/17 15:45,CDT,2000,16.25,WhiteoakBayou,29.775,-95.396944
8074500,8/26/17 16:00,CDT,1880,15.94,WhiteoakBayou,29.775,-95.396944
8074500,8/26/17 16:15,CDT,1780,15.67,WhiteoakBayou,29.775,-95.396944
8074500,8/26/17 16:30,CDT,1660,15.35,WhiteoakBayou,29.775,-95.396944
8074500,8/26/17 16:45,CDT,1560,15.07,WhiteoakBayou,29.775,-95.396944
8074500,8/26/17 17:00,CDT,1480,14.86,WhiteoakBayou,29.775,-95.396944
8074500,8/26/17 17:15,CDT,1430,14.71,WhiteoakBayou,29.775,-95.396944
8074500,8/26/17 17:30,CDT,1330,14.39,WhiteoakBayou,29.775,-95.396944
8074500,8/26/17 17:45,CDT,1280,14.22,WhiteoakBayou,29.775,-95.396944
8074500,8/26/17 18:00,CDT,1240,14.09,WhiteoakBayou,29.775,-95.396944
8074500,8/26/17 18:15,CDT,1180,13.91,WhiteoakBayou,29.775,-95.396944
8074500,8/26/17 18:30,CDT,1140,13.78,WhiteoakBayou,29.775,-95.396944
8074500,8/26/17 18:45,CDT,1090,13.59,WhiteoakBayou,29.775,-95.396944
8074500,8/26/17 19:00,CDT,1050,13.46,WhiteoakBayou,29.775,-95.396944
8074500,8/26/17 19:15,CDT,1010,13.32,WhiteoakBayou,29.775,-95.396944
8074500,8/26/17 19:30,CDT,977,13.18,WhiteoakBayou,29.775,-95.396944
8074500,8/26/17 19:45,CDT,969,13.15,WhiteoakBayou,29.775,-95.396944
8074500,8/26/17 20:00,CDT,941,13.04,WhiteoakBayou,29.775,-95.396944
8074500,8/26/17 20:15,CDT,928,12.99,WhiteoakBayou,29.775,-95.396944
8074500,8/26/17 20:30,CDT,961,13.12,WhiteoakBayou,29.775,-95.396944
8074500,8/26/17 20:45,CDT,1020,13.36,WhiteoakBayou,29.775,-95.396944
8074500,8/26/17 21:00,CDT,1160,13.82,WhiteoakBayou,29.775,-95.396944
8074500,8/26/17 21:15,CDT,1430,14.7,WhiteoakBayou,29.775,-95.396944
8074500,8/26/17 21:30,CDT,2100,16.48,WhiteoakBayou,29.775,-95.396944
8074500,8/26/17 21:45,CDT,3820,19.93,WhiteoakBayou,29.775,-95.396944
8074500,8/26/17 22:00,CDT,6270,23.57,WhiteoakBayou,29.775,-95.396944
8074500,8/26/17 22:15,CDT,8460,26.17,WhiteoakBayou,29.775,-95.396944
8074500,8/26/17 22:30,CDT,10400,28.16,WhiteoakBayou,29.775,-95.396944
8074500,8/26/17 22:45,CDT,11800,29.48,WhiteoakBayou,29.775,-95.396944
8074500,8/26/17 23:00,CDT,12800,30.29,WhiteoakBayou,29.775,-95.396944
8074500,8/26/17 23:15,CDT,14100,31.39,WhiteoakBayou,29.775,-95.396944
8074500,8/26/17 23:30,CDT,14900,32.01,WhiteoakBayou,29.775,-95.396944
8074500,8/26/17 23:45,CDT,15400,32.36,WhiteoakBayou,29.775,-95.396944
8074500,8/27/17 0:00,CDT,17100,33.48,WhiteoakBayou,29.775,-95.396944
8074500,8/27/17 0:15,CDT,17600,33.78,WhiteoakBayou,29.775,-95.396944
8074500,8/27/17 0:30,CDT,18300,34.22,WhiteoakBayou,29.775,-95.396944
8074500,8/27/17 0:45,CDT,18900,34.58,WhiteoakBayou,29.775,-95.396944
8074500,8/27/17 1:00,CDT,20300,35.32,WhiteoakBayou,29.775,-95.396944
8074500,8/27/17 1:15,CDT,21700,35.98,WhiteoakBayou,29.775,-95.396944
8074500,8/27/17 1:30,CDT,22500,36.35,WhiteoakBayou,29.775,-95.396944
8074500,8/27/17 1:45,CDT,23100,36.65,WhiteoakBayou,29.775,-95.396944
8074500,8/27/17 2:00,CDT,23700,36.92,WhiteoakBayou,29.775,-95.396944
8074500,8/27/17 2:15,CDT,24100,37.09,WhiteoakBayou,29.775,-95.396944
8074500,8/27/17 2:30,CDT,24400,37.21,WhiteoakBayou,29.775,-95.396944
8074500,8/27/17 2:45,CDT,24800,37.38,WhiteoakBayou,29.775,-95.396944
8074500,8/27/17 3:00,CDT,25000,37.46,WhiteoakBayou,29.775,-95.396944
8074500,8/27/17 3:15,CDT,25100,37.51,WhiteoakBayou,29.775,-95.396944
8074500,8/27/17 3:30,CDT,25500,37.64,WhiteoakBayou,29.775,-95.396944
8074500,8/27/17 3:45,CDT,25700,37.74,WhiteoakBayou,29.775,-95.396944
8074500,8/27/17 4:00,CDT,26400,38,WhiteoakBayou,29.775,-95.396944
8074500,8/27/17 4:15,CDT,27000,38.21,WhiteoakBayou,29.775,-95.396944
8074500,8/27/17 4:30,CDT,28000,38.6,WhiteoakBayou,29.775,-95.396944
8074500,8/27/17 4:45,CDT,28800,38.89,WhiteoakBayou,29.775,-95.396944
8074500,8/27/17 5:00,CDT,29200,39.01,WhiteoakBayou,29.775,-95.396944
8074500,8/27/17 5:15,CDT,30300,39.38,WhiteoakBayou,29.775,-95.396944
8074500,8/27/17 5:30,CDT,30700,39.54,WhiteoakBayou,29.775,-95.396944
8074500,8/27/17 5:36,CDT,29800,,,29.775,-95.396944
8074500,8/27/17 7:36,CDT,34700,,,29.775,-95.396944
8074500,8/27/17 9:36,CDT,41100,,,29.775,-95.396944
8074500,8/27/17 11:36,CDT,45300,,,29.775,-95.396944
8074500,8/27/17 13:30,CDT,50600,44.31,WhiteoakBayou,29.775,-95.396944
8074500,8/27/17 16:00,CDT,49200,,,29.775,-95.396944
8074500,8/27/17 18:00,CDT,48200,,,29.775,-95.396944
8074500,8/27/17 20:00,CDT,46200,,,29.775,-95.396944
8074500,8/27/17 22:00,CDT,44500,,,29.775,-95.396944
8074500,8/28/17 0:00,CDT,43400,,,29.775,-95.396944
8074500,8/28/17 2:00,CDT,41800,,,29.775,-95.396944
8074500,8/28/17 4:00,CDT,39100,,,29.775,-95.396944
8074500,8/28/17 6:00,CDT,36400,,,29.775,-95.396944
8074500,8/28/17 8:00,CDT,34300,,,29.775,-95.396944
8074500,8/28/17 10:00,CDT,32600,,,29.775,-95.396944
8074500,8/28/17 12:00,CDT,30900,,,29.775,-95.396944
8074500,8/28/17 14:00,CDT,29100,,,29.775,-95.396944
8074500,8/28/17 16:00,CDT,27300,,,29.775,-95.396944
8074500,8/28/17 18:00,CDT,25400,,,29.775,-95.396944
8074500,8/28/17 20:00,CDT,23600,,,29.775,-95.396944
8074500,8/28/17 22:00,CDT,21900,,,29.775,-95.396944
8074500,8/29/17 0:00,CDT,20200,,,29.775,-95.396944
8074500,8/29/17 2:00,CDT,18500,,,29.775,-95.396944
8074500,8/29/17 4:00,CDT,16800,,,29.775,-95.396944
8074500,8/29/17 6:00,CDT,15200,,,29.775,-95.396944
8074500,8/29/17 8:00,CDT,13800,,,29.775,-95.396944
8074500,8/29/17 10:00,CDT,12500,,,29.775,-95.396944
8074500,8/29/17 12:00,CDT,11100,,,29.775,-95.396944
8074500,8/29/17 14:00,CDT,10300,,,29.775,-95.396944
8074500,8/29/17 16:00,CDT,9550,,,29.775,-95.396944
8074500,8/29/17 18:00,CDT,8800,,,29.775,-95.396944
8074500,8/29/17 20:00,CDT,8050,,,29.775,-95.396944
8074500,8/29/17 22:00,CDT,7360,,,29.775,-95.396944
8074500,8/30/17 0:00,CDT,6760,,,29.775,-95.396944
8074500,8/30/17 2:00,CDT,6160,,,29.775,-95.396944
8074500,8/30/17 4:00,CDT,5560,,,29.775,-95.396944
8074500,8/30/17 6:00,CDT,4960,,,29.775,-95.396944
8074500,8/30/17 8:00,CDT,4500,,,29.775,-95.396944
8074500,8/30/17 10:00,CDT,4030,,,29.775,-95.396944
8074500,8/30/17 12:00,CDT,3570,,,29.775,-95.396944
8074500,8/30/17 14:00,CDT,3110,,,29.775,-95.396944
8074500,8/30/17 16:00,CDT,2860,,,29.775,-95.396944
8074500,8/30/17 18:00,CDT,2630,,,29.775,-95.396944
8074500,8/30/17 20:00,CDT,2390,,,29.775,-95.396944
8074500,8/30/17 22:00,CDT,2160,,,29.775,-95.396944
8074500,8/31/17 0:00,CDT,1940,,,29.775,-95.396944
8074500,8/31/17 2:00,CDT,1760,,,29.775,-95.396944
8074500,8/31/17 4:00,CDT,1580,,,29.775,-95.396944
8074500,8/31/17 6:00,CDT,1410,,,29.775,-95.396944
8074500,8/31/17 8:00,CDT,1250,,,29.775,-95.396944
8074500,8/31/17 10:00,CDT,1130,,,29.775,-95.396944
8074500,8/31/17 12:00,CDT,1020,,,29.775,-95.396944
8074500,8/31/17 14:00,CDT,940,,,29.775,-95.396944
8074500,8/31/17 16:30,CDT,878,12.78,WhiteoakBayou,29.775,-95.396944
8074500,8/31/17 16:45,CDT,876,12.77,WhiteoakBayou,29.775,-95.396944
8074500,8/31/17 17:00,CDT,866,12.73,WhiteoakBayou,29.775,-95.396944
8074500,8/31/17 17:15,CDT,866,12.73,WhiteoakBayou,29.775,-95.396944
8074500,8/31/17 17:30,CDT,864,12.72,WhiteoakBayou,29.775,-95.396944
8074500,8/31/17 17:45,CDT,864,12.72,WhiteoakBayou,29.775,-95.396944
8074500,8/31/17 18:00,CDT,861,12.71,WhiteoakBayou,29.775,-95.396944
8074500,8/31/17 18:15,CDT,859,12.7,WhiteoakBayou,29.775,-95.396944
8074500,8/31/17 18:30,CDT,852,12.67,WhiteoakBayou,29.775,-95.396944
8074500,8/31/17 18:45,CDT,849,12.66,WhiteoakBayou,29.775,-95.396944
8074500,8/31/17 19:00,CDT,847,12.65,WhiteoakBayou,29.775,-95.396944
8074500,8/31/17 19:15,CDT,849,12.66,WhiteoakBayou,29.775,-95.396944
8074500,8/31/17 19:30,CDT,845,12.64,WhiteoakBayou,29.775,-95.396944
8074500,8/31/17 19:45,CDT,852,12.67,WhiteoakBayou,29.775,-95.396944
8074500,8/31/17 20:00,CDT,837,12.61,WhiteoakBayou,29.775,-95.396944
8074500,8/31/17 20:15,CDT,837,12.61,WhiteoakBayou,29.775,-95.396944
8074500,8/31/17 20:30,CDT,833,12.59,WhiteoakBayou,29.775,-95.396944
8074500,8/31/17 20:45,CDT,830,12.58,WhiteoakBayou,29.775,-95.396944
8074500,8/31/17 21:00,CDT,830,12.58,WhiteoakBayou,29.775,-95.396944
8074500,8/31/17 21:15,CDT,830,12.58,WhiteoakBayou,29.775,-95.396944
8074500,8/31/17 21:30,CDT,818,12.53,WhiteoakBayou,29.775,-95.396944
8074500,8/31/17 21:45,CDT,811,12.5,WhiteoakBayou,29.775,-95.396944
8074500,8/31/17 22:00,CDT,809,12.49,WhiteoakBayou,29.775,-95.396944
8074500,8/31/17 22:15,CDT,802,12.46,WhiteoakBayou,29.775,-95.396944
8074500,8/31/17 22:30,CDT,804,12.47,WhiteoakBayou,29.775,-95.396944
8074500,8/31/17 22:45,CDT,797,12.44,WhiteoakBayou,29.775,-95.396944
8074500,8/31/17 23:00,CDT,793,12.42,WhiteoakBayou,29.775,-95.396944
8074500,8/31/17 23:15,CDT,793,12.42,WhiteoakBayou,29.775,-95.396944
8074500,8/31/17 23:30,CDT,788,12.4,WhiteoakBayou,29.775,-95.396944
8074500,8/31/17 23:45,CDT,793,12.42,WhiteoakBayou,29.775,-95.396944
